[
{"type":"header","version":"5.2.0","comment":"Export to JSON plugin for PHPMyAdmin"},
{"type":"database","name":"database"},
{"type":"table","name":"password_resets","database":"database","data":
[

]
}
,{"type":"table","name":"posts","database":"database","data":
[

]
}
,{"type":"table","name":"settings","database":"database","data":
[

]
}
,{"type":"table","name":"solveds","database":"database","data":
[

]
}
,{"type":"table","name":"tasks","database":"database","data":
[

]
}
,{"type":"table","name":"users","database":"database","data":
[

]
}
]
